<?xml version="1.0" encoding="UTF-8"?>
<!--
    
    Copyright (C) 2018 toop.eu
    
    Licensed under the Apache License, Version 2.0 (the "License");
    you may not use this file except in compliance with the License.
    You may obtain a copy of the License at
    
    http://www.apache.org/licenses/LICENSE-2.0
    
    Unless required by applicable law or agreed to in writing, software
    distributed under the License is distributed on an "AS IS" BASIS,
    WITHOUT WARRANTIES OR CONDITIONS OF ANY KIND, either express or implied.   
    See the License for the specific language governing permissions and 
    limitations under the License.
    
-->


<!--with some XML editors you can uncomment next row to link this instance to the Schematron (change the path if needed)-->   
<!--<?xml-model href="../schematron/TOOP_BusinessRules_DataExchange.sch" type="application/xml" schematypens="http://purl.oclc.org/dsdl/schematron"?>-->
<!--example of ErrorMessage, introduced by version 1.2.0 of the Messaging Model-->

<toop:Response xmlns:ccts="urn:un:unece:uncefact:documentation:2"
    xmlns:cct="urn:un:unece:uncefact:data:specification:CoreComponentTypeSchemaModule:2"
    xmlns:toop="urn:eu:toop:ns:dataexchange-1p40"
    xmlns:udt="urn:oasis:names:specification:ubl:schema:xsd:UnqualifiedDataTypes-2">
    <toop:DocumentUniversalUniqueIdentifier schemeAgencyID="**DEFINED_BY_DP**">e7262b82-bd2c-41d8-9839-f39dbda124da</toop:DocumentUniversalUniqueIdentifier>
    <!--Rule: A date using the following format: YYYY + “-“ + MM + “-“ + DD (as defined for xsd:date)-->
    <!--ACTION: insert the current date (could be a different day, if a request is issued just before midnight...)-->
    <toop:DocumentIssueDate>2018-02-22</toop:DocumentIssueDate>
    <!--ACTION: insert the current timestamp (in this example, just a few seconds after the request is sent)-->
    <toop:DocumentIssueTime>09:55:28</toop:DocumentIssueTime>
    <!--Rule: Compulsory use of the identifiers defined in Guideline "Toop Policy for using Identifiers". Compulsory use of attribute schemeID "toop-doctypeid-qns".-->
    <toop:CopyIndicator>false</toop:CopyIndicator>
    <!--Rule: A response MUST have the specification identifier "urn:eu:toop:ns:dataexchange-1p40::Response"-->
    <toop:SpecificationIdentifier schemeID="toop-doctypeid-qns">urn:eu:toop:ns:dataexchange-1p40::Response</toop:SpecificationIdentifier>
    <!--Note: Do not change this identifier. It was assigned by the DC to identify this document internally-->
    <toop:DataConsumerDocumentIdentifier schemeAgencyID="**DEFINED_BY_DC**">101-287.56666</toop:DataConsumerDocumentIdentifier>
    <!--Note: Do not change this identifier. It was assigned by the DC to identify multiple request that belong together. -->
    <toop:DataConsumerGlobalSessionIdentifier schemeAgencyID="**DEFINED_BY_DC**">394956</toop:DataConsumerGlobalSessionIdentifier>
    <!--Please describe the purpose in english and use the language attribute "en"-->
    <toop:DataConsumerRequestPurpose  languageID="en">Qualification Procedure in Public Procurement</toop:DataConsumerRequestPurpose>
    <!--Rule: Use the same value that was used in the corresponding Toop Data Request (path: ToopDataRequest/DocumentUniveralUniqueIdentifier)--> 
    <!--ACTION:  copy the UUID value from the corresponding TOOP Data Request here-->
    <toop:DataRequestIdentifier schemeAgencyID="**DEFINED_BY_DP**">1f17a4fa-a905-4d9c-8191-97d1e76985df</toop:DataRequestIdentifier>
    <toop:RoutingInformation>
        <!--DP ACTION:  change the value with the one identifier used in the Response -->
        <toop:DocumentTypeIdentifier schemeID="toop-doctypeid-qns">urn:eu:toop:ns:dataexchange-1p40::Response##urn:eu.toop.response.registeredorganization::1.40</toop:DocumentTypeIdentifier>
        <!--DP ACTION:  keep the routing data from the Request-->
        <toop:ProcessIdentifier schemeID="toop-procid-agreement">urn:eu.toop.process.datarequestresponse</toop:ProcessIdentifier>
        <!--Rule: An electronic address identifier MUST have a scheme identifier attribute. An electronic address identifier scheme MUST be from the list of Toop Party Identifiers described in the ""Toop Policy for using Identifiers"""-->
        <toop:DataConsumerElectronicAddressIdentifier schemeID="iso6523-actorid-upis" schemeAgencyID="0007">0088:4035811991014</toop:DataConsumerElectronicAddressIdentifier>
        <!--DP ACTION:  keep the routing data from the Request-->
        <toop:DataConsumerCountryCode>DE</toop:DataConsumerCountryCode>
        <!--DP ACTION:  keep the routing data from the Request-->
        <toop:DataProviderElectronicAddressIdentifier>123456789</toop:DataProviderElectronicAddressIdentifier>
        <!--The country of the data provider MUST always be specified using the code list CountryCodeIdentifier (ISO 3166-1 2A:2006)-->
        <toop:DataProviderCountryCode>GB</toop:DataProviderCountryCode>
    </toop:RoutingInformation>
    <toop:DataConsumer>
        <!--Rule: The preferred identifier is the national VAT number.  Compulsory use of the attribute schemeAgencyID.-->
        <toop:DCUniqueIdentifier schemeAgencyID="**DEFINED_BY_DC**">DE999999999</toop:DCUniqueIdentifier>
        <toop:DCName>MyCompany</toop:DCName>
        <toop:DCLegalAddress>
            <toop:AddressLine>Koenigstrasse 22</toop:AddressLine>
            <toop:AddressLine>Floor 2</toop:AddressLine>
            <toop:AddressLine>10115 Berlin (Germany)</toop:AddressLine>
            <toop:StreetName>Koenigstrasse</toop:StreetName>
            <toop:StreetNumber>22</toop:StreetNumber>
            <toop:City>Berlin</toop:City>
            <toop:PostCode>10115</toop:PostCode>
            <toop:Country>Germany</toop:Country>
            <toop:CountryCode>DE</toop:CountryCode>
        </toop:DCLegalAddress>
    </toop:DataConsumer>
    <toop:DataRequestSubject>
        <!--Compulsory use of the code list "data subject type code" with the value "natural person" and "legal entity"-->
        <toop:DataRequestSubjectTypeCode>LE</toop:DataRequestSubjectTypeCode>
        <!--Note: This information entity was filled when creating the request by calling the eIDAS node in the UK-->
        <toop:LegalPerson>
            <!--The uniqueness identifier consists of: 1. The first part is the Nationality Code of the identifier. This is one of the ISO 3166-1 alpha-2 codes, followed by a slash (“/“))  2. The second part is the Nationality Code of the destination country or international organization. This is one of the ISO 3166-1 alpha-2 codes, followed by a slash (“/“)  3. The third part a combination of readable characters. This uniquely identifies the identity asserted in the country of origin but does not necessarily reveal any discernible correspondence with the subject's actual identifier (for example, username, fiscal number etc)-->
            <toop:LegalPersonUniqueIdentifier levelOfAssurance="Substantial">DE/GB/02735442Z</toop:LegalPersonUniqueIdentifier>
            <toop:LegalName levelOfAssurance="Substantial">AnyCompanyName</toop:LegalName>
            <!--NOTE: we assume in this example that all the following alternative identifiers are pointing to the same company, called AnyCompanyName-->
            <!--An identifier that starts with an ISO 3166-1 alpha-2 (2 letters) country code (except for Greece, which uses the ISO 639-1 language code EL for the Greek language, instead of its ISO 3166-1 alpha-2 country code GR) and then has between 2 and 13 characters. The identifiers are composed of numeric digits in most countries, but in some countries they may contain letters.-->
            <toop:VATRegistrationNumber levelOfAssurance="None">DE730757727</toop:VATRegistrationNumber>
            <!--Attribute describing the Tax Reference number related to the legal person. Indicates a country, tax office, and an organisation-->
            <toop:TaxReferenceNumber levelOfAssurance="None">ABZ1230789</toop:TaxReferenceNumber>
            <!--Attribute describing the identifier referred to in Article 3(1) of Directive 2009/101/EG of the European Parliament and of the Council.-->
            <toop:BusinessCodes levelOfAssurance="None">GB7552671243</toop:BusinessCodes>
            <!--A 20-character identifier (defined by ISO 17442) to distinct legal entities that engage in financial transactions.-->
            <toop:LegalEntityIdentifier levelOfAssurance="None">ES123567983568437254</toop:LegalEntityIdentifier>
            <!--A number assigned by a customs authority or designated authority or authorities in a Member State to economic operators and other persons in accordance with the rules laid down in Part I, Title I, Chapter 6 of the CCIP-->
            <toop:EORIIdentifier levelOfAssurance="None">GB123456789000</toop:EORIIdentifier>
            <!--Attribute describing the System for Exchange of Excise Data (SEED) Excise Number for the legal person--> 
            <toop:SEEDIdentifier levelOfAssurance="None">GB00000987ABC</toop:SEEDIdentifier>
            <!--A 4-digit code describing the Standard Industrial Classification (SIC) code for the legal person-->
            <toop:StandardIndustrialClassification levelOfAssurance="None">6010</toop:StandardIndustrialClassification>
            <!--Rule: Use the value that is used in the element: DataSubject/NaturalPerson/PersonIdentifier-->
            <toop:AuthorizedRepresentativeIdentifier>GB/GB/02635542Y</toop:AuthorizedRepresentativeIdentifier>
            <!--Note: The address is not mandatory attribute for eIDAS but we need at least the country of the company-->
            <toop:LegalPersonLegalAddress>
                <toop:AddressLine levelOfAssurance="None">Princess Street 21</toop:AddressLine>
                <toop:AddressLine levelOfAssurance="None">Liverpool (United Kingdom) L1</toop:AddressLine>
                <toop:StreetName levelOfAssurance="None">Princess Street </toop:StreetName>
                <toop:StreetNumber levelOfAssurance="None">21</toop:StreetNumber>
                <toop:City levelOfAssurance="None">Liverpool</toop:City>
                <toop:PostCode levelOfAssurance="None">L1</toop:PostCode>
                <toop:Country levelOfAssurance="None">United Kingdom</toop:Country>
                <!--The country of the legal entity MUST always be specified using the code list CountryCodeIdentifier (ISO 3166-1 2A:2006)-->
                <toop:CountryCode levelOfAssurance="None">GB</toop:CountryCode>
            </toop:LegalPersonLegalAddress>
        </toop:LegalPerson>
        <!--Note: This information entity was filled when creating the request by calling the eIDAS node in the UK-->
        <toop:NaturalPerson>
            <!--"The uniqueness identifier consists of:  1. The first part is the Nationality Code of the identifier. This is one of the ISO 3166-1 alpha-2 codes, followed by a slash (“/“))  2. The second part is the Nationality Code of the destination country or international organization. This is one of the ISO 3166-1 alpha-2 codes, followed by a slash (“/“)  3. The third part a combination of readable characters. This uniquely identifies the identity asserted in the country of origin but does not necessarily reveal any discernible correspondence with the subject's actual identifier (for example, username, fiscal number etc)"-->
            <toop:PersonIdentifier levelOfAssurance="Substantial">GB/GB/02635542Y</toop:PersonIdentifier>
            <!--The FamilyNamye of the natural person MUST always be specified-->
            <toop:FamilyName levelOfAssurance="Substantial">John</toop:FamilyName>
            <!--The FirstName of the natural person MUST always be specified-->
            <toop:FirstName levelOfAssurance="Substantial">Cleese</toop:FirstName>
            <!--The Data of Birth of the natural person MUST be always specified using the following format: YYYY + “-“ + MM + “-“ + DD (as defined for xsd:date)-->
            <toop:BirthDate levelOfAssurance="Substantial">1939-10-27</toop:BirthDate>
            <toop:BirthFamilyName levelOfAssurance="None">Cheese</toop:BirthFamilyName>
            <toop:BirthPlace levelOfAssurance="None">Weston-super-Mare</toop:BirthPlace>
            <toop:GenderCode levelOfAssurance="None">M</toop:GenderCode>
            <!--Note: The address is not mandatory attribute for eIDAS but we need at least the country of the natural person-->
            <toop:NaturalPersonLegalAddress>
                <toop:AddressLine levelOfAssurance="None">Queens Street 22</toop:AddressLine>
                <toop:AddressLine levelOfAssurance="None">London EC4</toop:AddressLine>
                <toop:StreetName levelOfAssurance="None">Queens Street</toop:StreetName>
                <toop:StreetNumber levelOfAssurance="None">22</toop:StreetNumber>
                <toop:City levelOfAssurance="None">London</toop:City>
                <toop:PostCode levelOfAssurance="None">EC4</toop:PostCode>
                <toop:Country levelOfAssurance="None">United Kingdom</toop:Country>
                <!--The country MUST always be specified using the code list CountryCodeIdentifier (ISO 3166-1 2A:2006)-->
                <toop:CountryCode levelOfAssurance="None">GB</toop:CountryCode>
            </toop:NaturalPersonLegalAddress>
        </toop:NaturalPerson>
    </toop:DataRequestSubject>
    
    <toop:DataProvider> <!--- ACTION: optional element; an aggregated response can contain more than one DataProvider element, and each error contains the correct DPIdentifier -->
        <!--Rule: The preferred identifier is the national VAT number.  Compulsory use of the attribute schemeAgencyID.-->
        <toop:DPIdentifier schemeAgencyID="**DEFINED_BY_DC**">123456789</toop:DPIdentifier>
        <toop:DPName>UK-DataProvider</toop:DPName>
        <toop:DPLegalAddress>
            <!--The country of the data provider MUST always be specified using the code list CountryCodeIdentifier (ISO 3166-1 2A:2006)-->
            <toop:CountryCode>GB</toop:CountryCode>
        </toop:DPLegalAddress>
        <toop:DPContactDetails>
            <toop:ContactEmailAddress>provider@uk.org</toop:ContactEmailAddress>
        </toop:DPContactDetails>
    </toop:DataProvider>
    
    <!--ACTION: add one or more Errors-->     
    
    <toop:Error> 
        <toop:DataProviderIdentifier>123456789</toop:DataProviderIdentifier> <!-- **** Business Rule: added by the DP; if present, it needs to be an ID of a Provider in this message; when several responses are aggregated the message can contain several DataProvider's-->
        <!--ACTION: choose an Origin from the Codelist: RequestSubmission / RequestReception /ResponseCreation/ ResponseSubmission / ResponseReception--> 
        <toop:Origin>RequestReception</toop:Origin> 
        <!--ACTION: choose the correct Category from the Codelist: SemanticMapping / Parsing/ DynamicDiscovery / eDelivery / TechnicalError / ResultsAggregation / BusinessProcessing -->
        <toop:Category>Parsing</toop:Category> <!-- SemanticMapping / Parsing / DynamicDiscovery / eDelivery / TechnicalError / ResultsAggregation / BusinessProcessing -->
        <!--ACTION: choose a specific error code from the codelist-->
        <toop:ErrorCode>IF-002</toop:ErrorCode> 
        <!--ACTION: choose a severity from the codelist (WARNING, FAILURE)-->
        <toop:Severity>FAILURE</toop:Severity>
        <!--ACTION: add a description; you can use the standard one from the codelist (like "Message Validation Failed", or add more details like below-->
        <toop:ErrorText languageID="en">A document request type code must always be specified using the correct code list. Found: "XYZ".</toop:ErrorText> 
        <toop:ErrorText languageID="it">Il codice documento in una richiesta va sempre specificato usando la codelist apposita. Trovato: "XYZ".</toop:ErrorText>  
        <!--ACTION: ErrorDetail is a free optional text field; add any message you can show to technical people, it should not be shown to the final user-->    
        <toop:TechnicalDetails languageID="en">TypeCodeValidator class contains the mapped fields ("ETR", "ACC", "COM").</toop:TechnicalDetails> <!--optional-->
        <toop:Timestamp>2018-09-30T19:32:52+00:00</toop:Timestamp>
    </toop:Error>
    
    <toop:Error> 
        <toop:Origin>RequestReception</toop:Origin>   <!-- RequestSubmission / RequestReception /ResponseCreation/ ResponseSubmission / ResponseReception -->
        <toop:Category>TechnicalError</toop:Category> <!-- SemanticMapping / Parsing/ DynamicDiscovery / eDelivery / ResultsAggregation / BusinessProcessing / TechnicalError -->
        <!--ACTION: if the specific error codes do not cover this case you can use a the error code for "generic"-->
        <toop:ErrorCode>GEN</toop:ErrorCode> 
        <!--ACTION: choose a severity from the codelist (WARNING, FAILURE)--> 
        <toop:Severity>WARNING</toop:Severity>
        <!--ACTION: Description is a free text field; add any message you can show to the user, this is particularly important when you return a generic error code--> 
        <toop:ErrorText languageID="en">The timestamp of the request does not seem to be valid according to the internal clock.</toop:ErrorText> 
        <toop:Timestamp>2018-09-30T19:32:47+00:00</toop:Timestamp>
    </toop:Error>
    
</toop:Response>